<manifest alg="2" build="2018.0.0.379" opt="true" iceEnabled="true" iceMarkupVersion="2" iceEnabledOptions="link,responsive,cachebuster,textStyling" exportTarget="other" domain="cloud.com" resolutions="1x" timestamp="1522877242862">
  <folder name="css">
    <file name="site_global.css" crc="444006867"/>
    <file name="index.css" crc="3826160101" ref="index"/>
  </folder>
  <folder name="assets">
    <file name="baer_visual_poem_v1.html" crc="3883232802" seo="true" mt="1522852102000"/>
    <file name="baer_visual_poem_v2.html" crc="3809225117" seo="true" mt="1522852345000"/>
    <file name="sound.html" crc="4140219092" seo="true" mt="1522852671000"/>
    <file name="v4_colors.html" crc="17280645" seo="true" mt="1522852526000"/>
    <file name="v3_gif.html" crc="4043231315" seo="true" mt="1522853052000"/>
  </folder>
  <folder name="scripts">
    <file name="jquery-1.8.3.min.js" crc="209076791" ref="index"/>
    <file name="museutils.js" crc="3803043152" ref="index"/>
    <file name="whatinput.js" crc="86476730" ref="index"/>
    <file name="museconfig.js" crc="4153641093" ref="index"/>
    <file name="jquery.watch.js" crc="99325471" ref="index"/>
    <file name="require.js" crc="4157109226" ref="index"/>
    <file name="jquery.musepolyfill.bgsize.js" crc="4148998990" ref="index"/>
  </folder>
  <folder name="images">
    <file name="pasted-svg-1284441x715.svg" crc="4053010049" seo="true" ref="index">
      <caption webpage="index" alt=""/>
    </file>
    <file name="pasted svg 1284441x715_poster_.png" crc="27191789" ref="index"/>
    <file name="blank.gif" crc="4208392903" ref="index"/>
    <file name="pasted-svg-1306147x884.svg" crc="4002076127" seo="true" ref="index">
      <caption webpage="index" alt=""/>
    </file>
    <file name="pasted svg 1306147x884_poster_.png" crc="418708098" ref="index"/>
    <file name="pasted-svg-125153x715.svg" crc="4013612194" seo="true" ref="index">
      <caption webpage="index" alt=""/>
    </file>
    <file name="pasted svg 125153x715_poster_.png" crc="4276184657" ref="index"/>
    <file name="pasted-svg-1259896x740.svg" crc="3906479506" seo="true" ref="index">
      <caption webpage="index" alt=""/>
    </file>
    <file name="pasted svg 1259896x740_poster_.png" crc="3986858031" ref="index"/>
    <file name="pasted-svg-1251529x715.svg" crc="227111083" seo="true" ref="index">
      <caption webpage="index" alt=""/>
      <caption webpage="index" alt=""/>
      <caption webpage="index" alt=""/>
      <caption webpage="index" alt=""/>
      <caption webpage="index" alt=""/>
      <caption webpage="index" alt=""/>
    </file>
    <file name="pasted svg 1251529x715_poster_.png" crc="303692775" ref="index"/>
    <file name="pasted-svg-1312646x749.svg" crc="3819631382" seo="true" ref="index">
      <caption webpage="index" alt=""/>
    </file>
    <file name="pasted svg 1312646x749_poster_.png" crc="218238696" ref="index"/>
    <file name="pasted-svg-1609161x487.svg" crc="364419065" seo="true" ref="index">
      <caption webpage="index" alt=""/>
    </file>
    <file name="pasted svg 1609161x487_poster_.png" crc="103692899" ref="index"/>
    <file name="pasted-svg-1236896x723.svg" crc="3978409499" seo="true" ref="index">
      <caption webpage="index" alt=""/>
      <caption webpage="index" alt=""/>
      <caption webpage="index" alt=""/>
      <caption webpage="index" alt=""/>
      <caption webpage="index" alt=""/>
      <caption webpage="index" alt=""/>
    </file>
    <file name="pasted svg 1236896x723_poster_.png" crc="17760703" ref="index"/>
    <file name="pasted-svg-132915x1013.svg" crc="502021041" seo="true" ref="index">
      <caption webpage="index" alt=""/>
      <caption webpage="index" alt=""/>
      <caption webpage="index" alt=""/>
      <caption webpage="index" alt=""/>
      <caption webpage="index" alt=""/>
    </file>
    <file name="pasted svg 132915x1013_poster_.png" crc="3862060789" ref="index"/>
    <file name="pasted-svg-1228529x698.svg" crc="321365983" seo="true" ref="index">
      <caption webpage="index" alt=""/>
      <caption webpage="index" alt=""/>
    </file>
    <file name="pasted svg 1228529x698_poster_.png" crc="4254315447" ref="index"/>
    <file name="pasted-svg-1251529x7152.svg" crc="22028512" seo="true" ref="index">
      <caption webpage="index" alt=""/>
    </file>
    <file name="pasted svg 1251529x715_poster_2.png" crc="289332050" ref="index"/>
    <file name="cloudbkg.jpg" crc="312496899" ref="index">
      <caption webpage="index" alt=""/>
    </file>
  </folder>
  <file name="index.html" crc="409562747" seo="true" mt="1522877097684" redirect="true"/>
</manifest>